num_people,gov,news,reddit,ordering_holds,reddit_minus_gov,cohen_d
50,-0.41323128945990745,-0.2420410900628549,0.8603211374378537,True,1.2735524268977612,46.24957075069779
100,-0.3888164867877048,-0.19001753227604057,0.8623743754892301,True,1.251190862276935,66.55119436919829
200,-0.3774805538238975,-0.1648582968117396,0.8671797406371503,True,1.2446602944610479,91.47550895623365
500,-0.37427170272623483,-0.15920661085102025,0.8718888991771407,True,1.2461606019033755,159.56480004969245
